1,2013-03-22 22:48:53,2013-01-01,06:25:00,06:45:00,08:06:00,12:09:00,01:00:00,01:46:00,02:16:00,02:45:00,04:05:00,04:10:00,05:42:00,08:00:00
2,2013-03-22 22:48:53,2013-01-02,06:25:00,06:45:00,08:06:00,12:10:00,01:00:00,01:47:00,02:17:00,02:45:00,04:06:00,04:11:00,05:43:00,08:00:00
3,2013-03-22 22:48:53,2013-01-03,06:25:00,06:45:00,08:06:00,12:10:00,01:00:00,01:48:00,02:18:00,02:45:00,04:08:00,04:13:00,05:44:00,08:00:00
4,2013-03-22 22:48:53,2013-01-04,06:25:00,06:45:00,08:06:00,12:11:00,01:00:00,01:49:00,02:19:00,02:45:00,04:09:00,04:14:00,05:45:00,08:00:00
5,2013-03-22 22:48:53,2013-01-05,06:25:00,06:45:00,08:05:00,12:11:00,01:00:00,01:50:00,02:20:00,02:45:00,04:10:00,04:15:00,05:46:00,08:00:00
6,2013-03-22 22:48:53,2013-01-06,06:25:00,06:45:00,08:05:00,12:12:00,01:00:00,01:51:00,02:22:00,02:45:00,04:11:00,04:16:00,05:47:00,08:00:00
7,2013-03-22 22:48:53,2013-01-07,06:24:00,06:45:00,08:05:00,12:12:00,01:00:00,01:52:00,02:23:00,02:45:00,04:12:00,04:17:00,05:48:00,08:00:00
8,2013-03-22 22:48:53,2013-01-08,06:24:00,06:45:00,08:04:00,12:12:00,01:00:00,01:53:00,02:24:00,02:45:00,04:14:00,04:19:00,05:49:00,08:00:00
9,2013-03-22 22:48:53,2013-01-09,06:24:00,06:45:00,08:04:00,12:13:00,01:00:00,01:54:00,02:25:00,02:45:00,04:15:00,04:20:00,05:50:00,08:00:00
10,2013-03-22 22:48:53,2013-01-10,06:23:00,06:45:00,08:03:00,12:13:00,01:00:00,01:55:00,02:27:00,02:45:00,04:17:00,04:22:00,05:52:00,08:00:00
11,2013-03-22 22:48:53,2013-01-11,06:23:00,06:45:00,08:03:00,12:14:00,01:00:00,01:57:00,02:28:00,03:00:00,04:18:00,04:23:00,05:53:00,08:00:00
12,2013-03-22 22:48:53,2013-01-12,06:22:00,06:45:00,08:02:00,12:14:00,01:00:00,01:58:00,02:30:00,03:00:00,04:19:00,04:24:00,05:54:00,08:00:00
13,2013-03-22 22:48:53,2013-01-13,06:22:00,06:45:00,08:01:00,12:14:00,01:00:00,01:59:00,02:31:00,03:00:00,04:21:00,04:26:00,05:55:00,08:00:00
14,2013-03-22 22:48:53,2013-01-14,06:21:00,06:45:00,08:00:00,12:15:00,01:00:00,02:00:00,02:32:00,03:00:00,04:22:00,04:27:00,05:57:00,08:00:00
15,2013-03-22 22:48:53,2013-01-15,06:20:00,06:45:00,08:00:00,12:15:00,01:00:00,02:02:00,02:34:00,03:00:00,04:24:00,04:29:00,05:58:00,08:00:00
16,2013-03-22 22:48:53,2013-01-16,06:19:00,06:45:00,07:59:00,12:15:00,01:00:00,02:03:00,02:35:00,03:00:00,04:25:00,04:30:00,05:59:00,08:00:00
17,2013-03-22 22:48:53,2013-01-17,06:19:00,06:45:00,07:58:00,12:16:00,01:00:00,02:04:00,02:37:00,03:00:00,04:27:00,04:32:00,06:01:00,08:00:00
18,2013-03-22 22:48:53,2013-01-18,06:18:00,06:45:00,07:57:00,12:16:00,01:00:00,02:06:00,02:38:00,03:00:00,04:29:00,04:34:00,06:02:00,08:00:00
19,2013-03-22 22:48:53,2013-01-19,06:17:00,06:45:00,07:56:00,12:16:00,01:00:00,02:07:00,02:40:00,03:00:00,04:30:00,04:35:00,06:04:00,08:00:00
20,2013-03-22 22:48:53,2013-01-20,06:16:00,06:45:00,07:55:00,12:17:00,01:00:00,02:08:00,02:42:00,03:00:00,04:32:00,04:37:00,06:05:00,08:00:00
21,2013-03-22 22:48:53,2013-01-21,06:15:00,06:45:00,07:54:00,12:17:00,01:00:00,02:10:00,02:43:00,03:00:00,04:34:00,04:39:00,06:07:00,08:00:00
22,2013-03-22 22:48:53,2013-01-22,06:14:00,06:45:00,07:53:00,12:17:00,01:00:00,02:11:00,02:45:00,03:15:00,04:35:00,04:40:00,06:08:00,08:00:00
23,2013-03-22 22:48:54,2013-01-23,06:13:00,06:45:00,07:51:00,12:18:00,01:00:00,02:12:00,02:46:00,03:15:00,04:37:00,04:42:00,06:10:00,08:00:00
24,2013-03-22 22:48:54,2013-01-24,06:12:00,06:45:00,07:50:00,12:18:00,01:00:00,02:14:00,02:48:00,03:15:00,04:39:00,04:44:00,06:11:00,08:00:00
25,2013-03-22 22:48:54,2013-01-25,06:10:00,06:45:00,07:49:00,12:18:00,01:00:00,02:15:00,02:50:00,03:15:00,04:41:00,04:46:00,06:13:00,08:00:00
26,2013-03-22 22:48:54,2013-01-26,06:09:00,06:45:00,07:48:00,12:18:00,01:00:00,02:17:00,02:51:00,03:15:00,04:42:00,04:47:00,06:14:00,08:00:00
27,2013-03-22 22:48:54,2013-01-27,06:08:00,06:45:00,07:46:00,12:18:00,01:00:00,02:18:00,02:53:00,03:15:00,04:44:00,04:49:00,06:16:00,08:00:00
28,2013-03-22 22:48:54,2013-01-28,06:07:00,06:45:00,07:45:00,12:19:00,01:00:00,02:20:00,02:55:00,03:15:00,04:46:00,04:51:00,06:18:00,08:00:00
29,2013-03-22 22:48:54,2013-01-29,06:05:00,06:45:00,07:44:00,12:19:00,01:00:00,02:21:00,02:56:00,03:15:00,04:48:00,04:53:00,06:19:00,08:00:00
30,2013-03-22 22:48:54,2013-01-30,06:04:00,06:45:00,07:42:00,12:19:00,01:00:00,02:23:00,02:58:00,03:15:00,04:49:00,04:54:00,06:21:00,08:00:00
31,2013-03-22 22:48:54,2013-01-31,06:03:00,06:45:00,07:41:00,12:19:00,01:00:00,02:24:00,03:00:00,03:15:00,04:51:00,04:56:00,06:22:00,08:00:00
32,2013-03-22 22:48:54,2013-02-01,06:01:00,06:30:00,07:39:00,12:19:00,01:00:00,02:25:00,03:02:00,03:30:00,04:53:00,04:58:00,06:24:00,08:00:00
33,2013-03-22 22:48:54,2013-02-02,06:00:00,06:30:00,07:38:00,12:19:00,01:00:00,02:27:00,03:03:00,03:30:00,04:55:00,05:00:00,06:26:00,08:00:00
34,2013-03-22 22:48:54,2013-02-03,05:58:00,06:30:00,07:36:00,12:19:00,01:00:00,02:28:00,03:05:00,03:30:00,04:57:00,05:02:00,06:27:00,08:00:00
35,2013-03-22 22:48:54,2013-02-04,05:57:00,06:30:00,07:34:00,12:20:00,01:00:00,02:30:00,03:07:00,03:30:00,04:58:00,05:03:00,06:29:00,08:00:00
36,2013-03-22 22:48:54,2013-02-05,05:55:00,06:30:00,07:33:00,12:20:00,01:00:00,02:31:00,03:08:00,03:30:00,05:00:00,05:05:00,06:30:00,08:00:00
37,2013-03-22 22:48:54,2013-02-06,05:54:00,06:30:00,07:31:00,12:20:00,01:00:00,02:33:00,03:10:00,03:30:00,05:02:00,05:07:00,06:32:00,08:00:00
38,2013-03-22 22:48:54,2013-02-07,05:52:00,06:30:00,07:29:00,12:20:00,01:00:00,02:34:00,03:12:00,03:30:00,05:04:00,05:09:00,06:34:00,08:00:00
39,2013-03-22 22:48:54,2013-02-08,05:50:00,06:15:00,07:28:00,12:20:00,01:00:00,02:36:00,03:14:00,03:45:00,05:06:00,05:11:00,06:35:00,08:00:00
40,2013-03-22 22:48:54,2013-02-09,05:49:00,06:15:00,07:26:00,12:20:00,01:00:00,02:37:00,03:15:00,03:45:00,05:08:00,05:13:00,06:37:00,08:00:00
41,2013-03-22 22:48:54,2013-02-10,05:47:00,06:15:00,07:24:00,12:20:00,01:00:00,02:38:00,03:17:00,03:45:00,05:09:00,05:14:00,06:39:00,08:00:00
42,2013-03-22 22:48:54,2013-02-11,05:45:00,06:15:00,07:22:00,12:20:00,01:00:00,02:40:00,03:19:00,03:45:00,05:11:00,05:16:00,06:40:00,08:00:00
43,2013-03-22 22:48:54,2013-02-12,05:44:00,06:15:00,07:20:00,12:20:00,01:00:00,02:41:00,03:20:00,03:45:00,05:13:00,05:18:00,06:42:00,08:00:00
44,2013-03-22 22:48:54,2013-02-13,05:42:00,06:15:00,07:19:00,12:20:00,01:00:00,02:43:00,03:22:00,03:45:00,05:15:00,05:20:00,06:44:00,08:00:00
45,2013-03-22 22:48:54,2013-02-14,05:40:00,06:15:00,07:17:00,12:20:00,01:00:00,02:44:00,03:24:00,03:45:00,05:17:00,05:22:00,06:45:00,08:00:00
46,2013-03-22 22:48:54,2013-02-15,05:38:00,06:00:00,07:15:00,12:20:00,01:00:00,02:46:00,03:26:00,04:00:00,05:19:00,05:24:00,06:47:00,08:00:00
47,2013-03-22 22:48:54,2013-02-16,05:36:00,06:00:00,07:13:00,12:20:00,01:00:00,02:47:00,03:27:00,04:00:00,05:20:00,05:25:00,06:48:00,08:00:00
48,2013-03-22 22:48:54,2013-02-17,05:35:00,06:00:00,07:11:00,12:20:00,01:00:00,02:48:00,03:29:00,04:00:00,05:22:00,05:27:00,06:50:00,08:00:00
49,2013-03-22 22:48:54,2013-02-18,05:33:00,06:00:00,07:09:00,12:20:00,01:00:00,02:50:00,03:31:00,04:00:00,05:24:00,05:29:00,06:52:00,08:00:00
50,2013-03-22 22:48:54,2013-02-19,05:31:00,06:00:00,07:07:00,12:19:00,01:00:00,02:51:00,03:32:00,04:00:00,05:26:00,05:31:00,06:53:00,08:00:00
51,2013-03-22 22:48:54,2013-02-20,05:29:00,06:00:00,07:05:00,12:19:00,01:00:00,02:52:00,03:34:00,04:00:00,05:28:00,05:33:00,06:55:00,08:00:00
52,2013-03-22 22:48:55,2013-02-21,05:27:00,06:00:00,07:03:00,12:19:00,01:00:00,02:54:00,03:35:00,04:00:00,05:29:00,05:34:00,06:57:00,08:00:00
53,2013-03-22 22:48:55,2013-02-22,05:25:00,06:00:00,07:01:00,12:19:00,01:00:00,02:55:00,03:37:00,04:00:00,05:31:00,05:36:00,06:58:00,08:00:00
54,2013-03-22 22:48:55,2013-02-23,05:23:00,06:00:00,06:59:00,12:19:00,01:00:00,02:56:00,03:39:00,04:00:00,05:33:00,05:38:00,07:00:00,08:00:00
55,2013-03-22 22:48:55,2013-02-24,05:21:00,06:00:00,06:57:00,12:19:00,01:00:00,02:58:00,03:40:00,04:00:00,05:35:00,05:40:00,07:01:00,08:00:00
56,2013-03-22 22:48:55,2013-02-25,05:19:00,06:00:00,06:55:00,12:19:00,01:00:00,02:59:00,03:42:00,04:00:00,05:37:00,05:42:00,07:03:00,08:00:00
57,2013-03-22 22:48:55,2013-02-26,05:17:00,06:00:00,06:53:00,12:18:00,01:00:00,03:00:00,03:43:00,04:00:00,05:38:00,05:43:00,07:05:00,08:00:00
58,2013-03-22 22:48:55,2013-02-27,05:15:00,06:00:00,06:50:00,12:18:00,01:00:00,03:02:00,03:45:00,04:00:00,05:40:00,05:45:00,07:06:00,08:00:00
59,2013-03-22 22:48:55,2013-02-28,05:13:00,06:00:00,06:48:00,12:18:00,01:00:00,03:03:00,03:47:00,04:00:00,05:42:00,05:47:00,07:08:00,08:00:00
60,2013-03-22 22:48:55,0000-00-00,05:11:00,06:00:00,06:46:00,12:18:00,01:00:00,03:04:00,03:48:00,04:00:00,05:44:00,05:49:00,07:09:00,08:00:00
61,2013-03-22 22:48:55,2013-03-01,05:11:00,05:45:00,06:46:00,12:18:00,01:00:00,03:04:00,03:48:00,04:15:00,05:44:00,05:49:00,07:09:00,08:15:00
62,2013-03-22 22:48:55,2013-03-02,05:09:00,05:45:00,06:44:00,12:18:00,01:00:00,03:05:00,03:50:00,04:15:00,05:46:00,05:51:00,07:11:00,08:15:00
63,2013-03-22 22:48:55,2013-03-03,05:07:00,05:45:00,06:42:00,12:18:00,01:00:00,03:07:00,03:51:00,04:15:00,05:47:00,05:52:00,07:13:00,08:15:00
64,2013-03-22 22:48:55,2013-03-04,05:05:00,05:45:00,06:40:00,12:17:00,01:00:00,03:08:00,03:53:00,04:15:00,05:49:00,05:54:00,07:14:00,08:15:00
65,2013-03-22 22:48:55,2013-03-05,05:03:00,05:45:00,06:37:00,12:17:00,01:00:00,03:09:00,03:54:00,04:15:00,05:51:00,05:56:00,07:16:00,08:15:00
66,2013-03-22 22:48:55,2013-03-06,05:01:00,05:45:00,06:35:00,12:17:00,01:00:00,03:10:00,03:56:00,04:15:00,05:53:00,05:58:00,07:17:00,08:15:00
67,2013-03-22 22:48:55,2013-03-07,04:58:00,05:45:00,06:33:00,12:17:00,01:00:00,03:11:00,03:57:00,04:15:00,05:54:00,05:59:00,07:19:00,08:15:00
68,2013-03-22 22:48:55,2013-03-08,04:56:00,05:30:00,06:31:00,12:16:00,01:00:00,03:13:00,03:59:00,04:15:00,05:56:00,06:01:00,07:20:00,08:15:00
69,2013-03-22 22:48:55,2013-03-09,04:54:00,05:30:00,06:29:00,12:16:00,01:00:00,03:14:00,04:00:00,04:15:00,05:58:00,06:03:00,07:22:00,08:15:00
70,2013-03-22 22:48:55,2013-03-10,04:52:00,05:30:00,06:26:00,12:16:00,01:00:00,03:15:00,04:02:00,04:15:00,05:59:00,06:04:00,07:23:00,08:15:00
71,2013-03-22 22:48:55,2013-03-11,04:50:00,05:30:00,06:24:00,12:16:00,01:00:00,03:16:00,04:03:00,04:15:00,06:01:00,06:06:00,07:25:00,08:15:00
72,2013-03-22 22:48:55,2013-03-12,04:48:00,05:30:00,06:22:00,12:15:00,01:00:00,03:17:00,04:05:00,04:15:00,06:03:00,06:08:00,07:26:00,08:15:00
73,2013-03-22 22:48:55,2013-03-13,04:46:00,05:30:00,06:20:00,12:15:00,01:00:00,03:18:00,04:06:00,04:15:00,06:05:00,06:10:00,07:28:00,08:15:00
74,2013-03-22 22:48:55,2013-03-14,04:43:00,05:30:00,06:17:00,12:15:00,01:00:00,03:19:00,04:07:00,04:15:00,06:06:00,06:11:00,07:29:00,08:15:00
75,2013-03-22 22:48:55,2013-03-15,04:41:00,05:15:00,06:15:00,12:15:00,01:00:00,03:21:00,04:09:00,04:45:00,06:08:00,06:13:00,07:31:00,08:15:00
76,2013-03-22 22:48:55,2013-03-16,04:39:00,05:15:00,06:13:00,12:14:00,01:00:00,03:22:00,04:10:00,04:45:00,06:10:00,06:15:00,07:32:00,08:15:00
77,2013-03-22 22:48:55,2013-03-17,04:37:00,05:15:00,06:11:00,12:14:00,01:00:00,03:23:00,04:12:00,04:45:00,06:11:00,06:16:00,07:34:00,08:15:00
78,2013-03-22 22:48:55,2013-03-18,04:35:00,05:15:00,06:08:00,12:14:00,01:00:00,03:24:00,04:13:00,04:45:00,06:13:00,06:18:00,07:35:00,08:15:00
79,2013-03-22 22:48:55,2013-03-19,04:33:00,05:15:00,06:06:00,12:13:00,01:00:00,03:25:00,04:14:00,04:45:00,06:15:00,06:20:00,07:37:00,08:15:00
80,2013-03-22 22:48:55,2013-03-20,04:30:00,05:15:00,06:04:00,12:13:00,01:00:00,03:26:00,04:16:00,04:45:00,06:17:00,06:22:00,07:39:00,08:15:00
81,2013-03-22 22:48:56,2013-03-21,04:28:00,05:15:00,06:01:00,12:13:00,01:00:00,03:27:00,04:17:00,04:45:00,06:18:00,06:23:00,07:40:00,08:15:00
82,2013-03-22 22:48:56,2013-03-22,04:26:00,05:00:00,05:59:00,12:12:00,01:00:00,03:28:00,04:18:00,04:45:00,06:20:00,06:25:00,07:42:00,08:15:00
83,2013-03-22 22:48:56,2013-03-23,04:23:00,05:00:00,05:57:00,12:12:00,01:00:00,03:29:00,04:20:00,04:45:00,06:22:00,06:27:00,07:43:00,08:15:00
84,2013-03-22 22:48:56,2013-03-24,04:21:00,05:00:00,05:55:00,12:12:00,01:00:00,03:30:00,04:21:00,04:45:00,06:23:00,06:28:00,07:44:00,08:15:00
85,2013-03-22 22:48:56,2013-03-25,04:18:00,05:00:00,05:52:00,12:12:00,01:00:00,03:31:00,04:22:00,04:45:00,06:25:00,06:30:00,07:46:00,08:15:00
86,2013-03-22 22:48:56,2013-03-26,04:16:00,05:00:00,05:50:00,12:11:00,01:00:00,03:32:00,04:24:00,04:45:00,06:27:00,06:32:00,07:47:00,08:15:00
87,2013-03-22 22:48:56,2013-03-27,04:13:00,05:00:00,05:48:00,12:11:00,01:00:00,03:33:00,04:25:00,04:45:00,06:28:00,06:33:00,07:48:00,08:15:00
88,2013-03-22 22:48:56,2013-03-28,04:11:00,05:00:00,05:46:00,12:11:00,01:00:00,03:34:00,04:26:00,04:45:00,06:30:00,06:35:00,07:50:00,08:15:00
89,2013-03-22 22:48:56,2013-03-29,04:08:00,05:00:00,05:43:00,12:10:00,01:00:00,03:35:00,04:27:00,04:45:00,06:32:00,06:37:00,07:51:00,08:15:00
90,2013-03-22 22:48:56,2013-03-30,04:06:00,05:00:00,05:41:00,12:10:00,01:00:00,03:36:00,04:29:00,04:45:00,06:33:00,06:38:00,07:52:00,08:15:00
91,2013-03-22 22:48:56,2013-03-31,05:03:00,05:45:00,06:39:00,01:10:00,01:30:00,04:36:00,05:30:00,06:00:00,07:35:00,07:40:00,08:54:00,09:30:00
92,2013-03-22 22:48:56,2013-04-01,04:58:00,05:30:00,06:34:00,01:09:00,01:30:00,04:38:00,05:32:00,06:00:00,07:38:00,07:43:00,08:56:00,09:30:00
93,2013-03-22 22:48:56,2013-04-02,04:55:00,05:30:00,06:32:00,01:09:00,01:30:00,04:39:00,05:34:00,06:00:00,07:40:00,07:45:00,08:58:00,09:30:00
94,2013-03-22 22:48:56,2013-04-03,04:53:00,05:30:00,06:30:00,01:09:00,01:30:00,04:40:00,05:35:00,06:00:00,07:42:00,07:47:00,08:59:00,09:30:00
95,2013-03-22 22:48:56,2013-04-04,04:50:00,05:30:00,06:27:00,01:08:00,01:30:00,04:41:00,05:36:00,06:00:00,07:43:00,07:48:00,09:00:00,09:30:00
96,2013-03-22 22:48:56,2013-04-05,04:48:00,05:30:00,06:25:00,01:08:00,01:30:00,04:42:00,05:37:00,06:00:00,07:45:00,07:50:00,09:02:00,09:30:00
97,2013-03-22 22:48:56,2013-04-06,04:45:00,05:30:00,06:23:00,01:08:00,01:30:00,04:43:00,05:38:00,06:00:00,07:47:00,07:52:00,09:03:00,09:30:00
98,2013-03-22 22:48:56,2013-04-07,04:43:00,05:30:00,06:21:00,01:07:00,01:30:00,04:43:00,05:40:00,06:00:00,07:49:00,07:54:00,09:04:00,09:30:00
99,2013-03-22 22:48:56,2013-04-08,04:40:00,05:15:00,06:18:00,01:07:00,01:30:00,04:44:00,05:41:00,06:15:00,07:50:00,07:55:00,09:06:00,09:30:00
100,2013-03-22 22:48:56,2013-04-09,04:38:00,05:15:00,06:16:00,01:07:00,01:30:00,04:45:00,05:42:00,06:15:00,07:52:00,07:57:00,09:07:00,09:30:00
101,2013-03-22 22:48:56,2013-04-10,04:35:00,05:15:00,06:14:00,01:07:00,01:30:00,04:46:00,05:43:00,06:15:00,07:54:00,07:59:00,09:09:00,09:30:00
102,2013-03-22 22:48:56,2013-04-11,04:33:00,05:15:00,06:12:00,01:06:00,01:30:00,04:47:00,05:44:00,06:15:00,07:55:00,08:00:00,09:10:00,09:30:00
103,2013-03-22 22:48:56,2013-04-12,04:30:00,05:15:00,06:10:00,01:06:00,01:30:00,04:47:00,05:45:00,06:15:00,07:57:00,08:02:00,09:11:00,09:30:00
104,2013-03-22 22:48:56,2013-04-13,04:28:00,05:15:00,06:07:00,01:06:00,01:30:00,04:48:00,05:47:00,06:15:00,07:59:00,08:04:00,09:13:00,09:30:00
105,2013-03-22 22:48:56,2013-04-14,04:26:00,05:15:00,06:05:00,01:06:00,01:30:00,04:49:00,05:48:00,06:15:00,08:00:00,08:05:00,09:14:00,09:30:00
106,2013-03-22 22:48:56,2013-04-15,04:23:00,05:00:00,06:03:00,01:05:00,01:30:00,04:50:00,05:49:00,06:15:00,08:02:00,08:07:00,09:15:00,09:45:00
107,2013-03-22 22:48:56,2013-04-16,04:21:00,05:00:00,06:01:00,01:05:00,01:30:00,04:51:00,05:50:00,06:15:00,08:04:00,08:09:00,09:17:00,09:45:00
108,2013-03-22 22:48:57,2013-04-17,04:18:00,05:00:00,05:59:00,01:05:00,01:30:00,04:51:00,05:51:00,06:15:00,08:05:00,08:10:00,09:18:00,09:45:00
109,2013-03-22 22:48:57,2013-04-18,04:16:00,05:00:00,05:57:00,01:05:00,01:30:00,04:52:00,05:52:00,06:15:00,08:07:00,08:12:00,09:19:00,09:45:00
110,2013-03-22 22:48:57,2013-04-19,04:14:00,05:00:00,05:55:00,01:05:00,01:30:00,04:53:00,05:53:00,06:15:00,08:09:00,08:14:00,09:21:00,09:45:00
111,2013-03-22 22:48:57,2013-04-20,04:11:00,05:00:00,05:53:00,01:04:00,01:30:00,04:54:00,05:54:00,06:15:00,08:10:00,08:15:00,09:22:00,09:45:00
112,2013-03-22 22:48:57,2013-04-21,04:09:00,05:00:00,05:51:00,01:04:00,01:30:00,04:54:00,05:55:00,06:15:00,08:12:00,08:17:00,09:23:00,09:45:00
113,2013-03-22 22:48:57,2013-04-22,04:07:00,05:00:00,05:49:00,01:04:00,01:30:00,04:55:00,05:56:00,06:15:00,08:14:00,08:19:00,09:25:00,09:45:00
114,2013-03-22 22:48:57,2013-04-23,04:04:00,04:45:00,05:47:00,01:04:00,01:30:00,04:56:00,05:57:00,06:30:00,08:15:00,08:20:00,09:26:00,10:00:00
115,2013-03-22 22:48:57,2013-04-24,04:02:00,04:45:00,05:45:00,01:04:00,01:30:00,04:56:00,05:59:00,06:30:00,08:17:00,08:22:00,09:27:00,10:00:00
116,2013-03-22 22:48:57,2013-04-25,04:00:00,04:45:00,05:43:00,01:03:00,01:30:00,04:57:00,06:00:00,06:30:00,08:18:00,08:23:00,09:29:00,10:00:00
117,2013-03-22 22:48:57,2013-04-26,03:58:00,04:45:00,05:41:00,01:03:00,01:30:00,04:58:00,06:01:00,06:30:00,08:20:00,08:25:00,09:30:00,10:00:00
118,2013-03-22 22:48:57,2013-04-27,03:55:00,04:45:00,05:39:00,01:03:00,01:30:00,04:59:00,06:02:00,06:30:00,08:22:00,08:27:00,09:31:00,10:00:00
119,2013-03-22 22:48:57,2013-04-28,03:53:00,04:45:00,05:37:00,01:03:00,01:30:00,04:59:00,06:03:00,06:30:00,08:23:00,08:28:00,09:32:00,10:00:00
120,2013-03-22 22:48:57,2013-04-29,03:51:00,04:45:00,05:35:00,01:03:00,01:30:00,05:00:00,06:04:00,06:30:00,08:25:00,08:30:00,09:34:00,10:00:00
121,2013-03-22 22:48:57,2013-04-30,03:49:00,04:45:00,05:33:00,01:03:00,01:30:00,05:01:00,06:05:00,06:30:00,08:27:00,08:32:00,09:35:00,10:00:00
122,2013-03-22 22:48:57,2013-05-01,03:47:00,04:30:00,05:31:00,01:03:00,01:30:00,05:01:00,06:06:00,06:30:00,08:28:00,08:33:00,09:36:00,10:15:00
123,2013-03-22 22:48:57,2013-05-02,03:45:00,04:30:00,05:29:00,01:03:00,01:30:00,05:02:00,06:07:00,06:30:00,08:30:00,08:35:00,09:38:00,10:15:00
124,2013-03-22 22:48:57,2013-05-03,03:42:00,04:30:00,05:27:00,01:02:00,01:30:00,05:03:00,06:08:00,06:30:00,08:32:00,08:37:00,09:39:00,10:15:00
125,2013-03-22 22:48:57,2013-05-04,03:40:00,04:30:00,05:26:00,01:02:00,01:30:00,05:03:00,06:09:00,06:30:00,08:33:00,08:38:00,09:40:00,10:15:00
126,2013-03-22 22:48:57,2013-05-05,03:38:00,04:30:00,05:24:00,01:02:00,01:30:00,05:04:00,06:10:00,06:30:00,08:35:00,08:40:00,09:42:00,10:15:00
127,2013-03-22 22:48:57,2013-05-06,03:36:00,04:30:00,05:22:00,01:02:00,01:30:00,05:04:00,06:11:00,06:30:00,08:37:00,08:42:00,09:43:00,10:15:00
128,2013-03-22 22:48:57,2013-05-07,03:34:00,04:30:00,05:20:00,01:02:00,01:30:00,05:05:00,06:12:00,06:30:00,08:38:00,08:43:00,09:45:00,10:15:00
129,2013-03-22 22:48:57,2013-05-08,03:32:00,04:15:00,05:19:00,01:02:00,01:30:00,05:06:00,06:13:00,06:40:00,08:40:00,08:45:00,09:48:00,10:30:00
130,2013-03-22 22:48:57,2013-05-09,03:30:00,04:15:00,05:17:00,01:02:00,01:30:00,05:06:00,06:13:00,06:40:00,08:41:00,08:46:00,09:50:00,10:30:00
131,2013-03-22 22:48:57,2013-05-10,03:28:00,04:15:00,05:15:00,01:02:00,01:30:00,05:07:00,06:14:00,06:40:00,08:43:00,08:48:00,09:52:00,10:30:00
132,2013-03-22 22:48:57,2013-05-11,03:26:00,04:15:00,05:14:00,01:02:00,01:30:00,05:08:00,06:15:00,06:40:00,08:44:00,08:49:00,09:55:00,10:30:00
133,2013-03-22 22:48:58,2013-05-12,03:25:00,04:15:00,05:12:00,01:02:00,01:30:00,05:08:00,06:16:00,06:40:00,08:46:00,08:51:00,09:57:00,10:30:00
134,2013-03-22 22:48:58,2013-05-13,03:23:00,04:15:00,05:11:00,01:02:00,01:30:00,05:09:00,06:17:00,06:40:00,08:47:00,08:52:00,09:59:00,10:30:00
135,2013-03-22 22:48:58,2013-05-14,03:21:00,04:15:00,05:09:00,01:02:00,01:30:00,05:09:00,06:18:00,06:40:00,08:49:00,08:54:00,10:02:00,10:30:00
136,2013-03-22 22:48:58,2013-05-15,03:19:00,04:15:00,05:08:00,01:02:00,01:30:00,05:10:00,06:19:00,06:40:00,08:50:00,08:55:00,10:04:00,10:30:00
137,2013-03-22 22:48:58,2013-05-16,03:17:00,04:00:00,05:06:00,01:02:00,01:30:00,05:11:00,06:20:00,06:40:00,08:52:00,08:57:00,10:06:00,10:40:00
138,2013-03-22 22:48:58,2013-05-17,03:16:00,04:00:00,05:05:00,01:02:00,01:30:00,05:11:00,06:21:00,06:40:00,08:53:00,08:58:00,10:09:00,10:40:00
139,2013-03-22 22:48:58,2013-05-18,03:14:00,04:00:00,05:03:00,01:02:00,01:30:00,05:12:00,06:21:00,06:40:00,08:55:00,09:00:00,10:11:00,10:40:00
140,2013-03-22 22:48:58,2013-05-19,03:12:00,04:00:00,05:02:00,01:02:00,01:30:00,05:12:00,06:22:00,06:40:00,08:56:00,09:01:00,10:13:00,10:40:00
141,2013-03-22 22:48:58,2013-05-20,03:11:00,04:00:00,05:01:00,01:02:00,01:30:00,05:13:00,06:23:00,06:40:00,08:58:00,09:03:00,10:15:00,10:40:00
142,2013-03-22 22:48:58,2013-05-21,03:09:00,04:00:00,05:00:00,01:02:00,01:30:00,05:13:00,06:24:00,06:40:00,08:59:00,09:04:00,10:17:00,10:40:00
143,2013-03-22 22:48:58,2013-05-22,03:08:00,04:00:00,04:58:00,01:02:00,01:30:00,05:14:00,06:25:00,06:40:00,09:00:00,09:05:00,10:20:00,10:40:00
144,2013-03-22 22:48:58,2013-05-23,03:06:00,04:00:00,04:57:00,01:03:00,01:30:00,05:14:00,06:25:00,06:40:00,09:02:00,09:07:00,10:22:00,10:40:00
145,2013-03-22 22:48:58,2013-05-24,03:05:00,03:45:00,04:56:00,01:03:00,01:30:00,05:15:00,06:26:00,06:50:00,09:03:00,09:08:00,10:24:00,10:50:00
146,2013-03-22 22:48:58,2013-05-25,03:03:00,03:45:00,04:55:00,01:03:00,01:30:00,05:15:00,06:27:00,06:50:00,09:04:00,09:09:00,10:26:00,10:50:00
147,2013-03-22 22:48:58,2013-05-26,03:02:00,03:45:00,04:54:00,01:03:00,01:30:00,05:16:00,06:28:00,06:50:00,09:05:00,09:10:00,10:28:00,10:50:00
148,2013-03-22 22:48:58,2013-05-27,03:01:00,03:45:00,04:53:00,01:03:00,01:30:00,05:16:00,06:28:00,06:50:00,09:07:00,09:12:00,10:30:00,10:50:00
149,2013-03-22 22:48:58,2013-05-28,02:59:00,03:45:00,04:52:00,01:03:00,01:30:00,05:17:00,06:29:00,06:50:00,09:08:00,09:13:00,10:32:00,10:50:00
150,2013-03-22 22:48:58,2013-05-29,02:58:00,03:45:00,04:51:00,01:03:00,01:30:00,05:17:00,06:30:00,06:50:00,09:09:00,09:14:00,10:34:00,10:50:00
151,2013-03-22 22:48:59,2013-05-30,02:57:00,03:45:00,04:50:00,01:03:00,01:30:00,05:18:00,06:31:00,06:50:00,09:10:00,09:15:00,10:36:00,10:50:00
152,2013-03-22 22:48:59,2013-05-31,02:56:00,03:45:00,04:49:00,01:04:00,01:30:00,05:18:00,06:31:00,06:50:00,09:11:00,09:16:00,10:38:00,10:50:00
153,2013-03-22 22:48:59,2013-06-01,02:55:00,03:45:00,04:49:00,01:04:00,01:30:00,05:19:00,06:32:00,06:50:00,09:12:00,09:17:00,10:40:00,11:00:00
154,2013-03-22 22:48:59,2013-06-02,02:54:00,03:45:00,04:48:00,01:04:00,01:30:00,05:19:00,06:32:00,06:50:00,09:13:00,09:18:00,10:41:00,11:00:00
155,2013-03-22 22:48:59,2013-06-03,02:53:00,03:45:00,04:47:00,01:04:00,01:30:00,05:20:00,06:33:00,06:50:00,09:14:00,09:19:00,10:43:00,11:00:00
156,2013-03-22 22:48:59,2013-06-04,02:52:00,03:45:00,04:47:00,01:04:00,01:30:00,05:20:00,06:34:00,06:50:00,09:15:00,09:20:00,10:45:00,11:00:00
157,2013-03-22 22:48:59,2013-06-05,02:51:00,03:45:00,04:46:00,01:04:00,01:30:00,05:21:00,06:34:00,06:50:00,09:16:00,09:21:00,10:47:00,11:00:00
158,2013-03-22 22:48:59,2013-06-06,02:50:00,03:45:00,04:45:00,01:05:00,01:30:00,05:21:00,06:35:00,06:50:00,09:17:00,09:22:00,10:48:00,11:00:00
159,2013-03-22 22:48:59,2013-06-07,02:49:00,03:45:00,04:45:00,01:05:00,01:30:00,05:21:00,06:35:00,06:50:00,09:18:00,09:23:00,10:50:00,11:00:00
160,2013-03-22 22:48:59,2013-06-08,02:49:00,03:45:00,04:45:00,01:05:00,01:30:00,05:22:00,06:36:00,06:50:00,09:19:00,09:24:00,10:52:00,11:10:00
161,2013-03-22 22:48:59,2013-06-09,02:48:00,03:45:00,04:44:00,01:05:00,01:30:00,05:22:00,06:36:00,06:50:00,09:19:00,09:24:00,10:53:00,11:10:00
162,2013-03-22 22:48:59,2013-06-10,02:47:00,03:45:00,04:44:00,01:05:00,01:30:00,05:22:00,06:37:00,06:50:00,09:20:00,09:25:00,10:55:00,11:10:00
163,2013-03-22 22:48:59,2013-06-11,02:47:00,03:45:00,04:44:00,01:06:00,01:30:00,05:23:00,06:37:00,06:50:00,09:21:00,09:26:00,10:56:00,11:10:00
164,2013-03-22 22:48:59,2013-06-12,02:46:00,03:45:00,04:43:00,01:06:00,01:30:00,05:23:00,06:38:00,06:50:00,09:21:00,09:26:00,10:57:00,11:10:00
165,2013-03-22 22:48:59,2013-06-13,02:46:00,03:45:00,04:43:00,01:06:00,01:30:00,05:23:00,06:38:00,06:50:00,09:22:00,09:27:00,10:59:00,11:10:00
166,2013-03-22 22:48:59,2013-06-14,02:45:00,03:45:00,04:43:00,01:06:00,01:30:00,05:24:00,06:38:00,06:50:00,09:23:00,09:28:00,11:00:00,11:10:00
167,2013-03-22 22:48:59,2013-06-15,02:45:00,03:45:00,04:43:00,01:06:00,01:30:00,05:24:00,06:39:00,06:50:00,09:23:00,09:28:00,11:01:00,11:10:00
168,2013-03-22 22:48:59,2013-06-16,02:44:00,03:45:00,04:43:00,01:07:00,01:30:00,05:24:00,06:39:00,06:50:00,09:23:00,09:28:00,11:03:00,11:10:00
169,2013-03-22 22:48:59,2013-06-17,02:44:00,03:45:00,04:43:00,01:07:00,01:30:00,05:25:00,06:39:00,06:50:00,09:24:00,09:29:00,11:04:00,11:10:00
170,2013-03-22 22:48:59,2013-06-18,02:44:00,03:45:00,04:43:00,01:07:00,01:30:00,05:25:00,06:40:00,06:50:00,09:24:00,09:29:00,11:05:00,11:10:00
171,2013-03-22 22:48:59,2013-06-19,02:44:00,03:45:00,04:43:00,01:07:00,01:30:00,05:25:00,06:40:00,06:50:00,09:24:00,09:29:00,11:06:00,11:10:00
172,2013-03-22 22:48:59,2013-06-20,02:44:00,03:45:00,04:43:00,01:08:00,01:30:00,05:25:00,06:40:00,06:50:00,09:25:00,09:30:00,11:07:00,11:10:00
173,2013-03-22 22:48:59,2013-06-21,02:44:00,03:45:00,04:44:00,01:08:00,01:30:00,05:26:00,06:40:00,06:50:00,09:25:00,09:30:00,11:08:00,11:10:00
174,2013-03-22 22:48:59,2013-06-22,02:44:00,03:45:00,04:44:00,01:08:00,01:30:00,05:26:00,06:40:00,06:50:00,09:25:00,09:30:00,11:07:00,11:10:00
175,2013-03-22 22:48:59,2013-06-23,02:45:00,03:45:00,04:44:00,01:08:00,01:30:00,05:26:00,06:41:00,06:50:00,09:25:00,09:30:00,11:07:00,11:10:00
176,2013-03-22 22:48:59,2013-06-24,02:45:00,03:45:00,04:45:00,01:08:00,01:30:00,05:26:00,06:41:00,06:50:00,09:25:00,09:30:00,11:06:00,11:10:00
177,2013-03-22 22:48:59,2013-06-25,02:46:00,03:45:00,04:45:00,01:09:00,01:30:00,05:26:00,06:41:00,06:50:00,09:25:00,09:30:00,11:05:00,11:10:00
178,2013-03-22 22:48:59,2013-06-26,02:47:00,03:45:00,04:45:00,01:09:00,01:30:00,05:26:00,06:41:00,06:50:00,09:25:00,09:30:00,11:04:00,11:10:00
179,2013-03-22 22:49:00,2013-06-27,02:48:00,03:45:00,04:46:00,01:09:00,01:30:00,05:26:00,06:41:00,06:50:00,09:25:00,09:30:00,11:03:00,11:10:00
180,2013-03-22 22:49:00,2013-06-28,02:49:00,03:45:00,04:47:00,01:09:00,01:30:00,05:26:00,06:41:00,06:50:00,09:24:00,09:29:00,11:02:00,11:10:00
181,2013-03-22 22:49:00,2013-06-29,02:50:00,03:45:00,04:47:00,01:09:00,01:30:00,05:27:00,06:41:00,06:50:00,09:24:00,09:29:00,11:01:00,11:10:00
182,2013-03-22 22:49:00,2013-06-30,02:51:00,03:45:00,04:48:00,01:10:00,01:30:00,05:27:00,06:41:00,06:50:00,09:24:00,09:29:00,11:00:00,11:10:00
183,2013-03-22 22:49:00,2013-07-01,02:52:00,03:45:00,04:48:00,01:10:00,01:30:00,05:27:00,06:41:00,06:50:00,09:24:00,09:29:00,10:59:00,11:10:00
184,2013-03-22 22:49:00,2013-07-02,02:53:00,03:45:00,04:49:00,01:10:00,01:30:00,05:27:00,06:41:00,06:50:00,09:23:00,09:28:00,10:58:00,11:10:00
185,2013-03-22 22:49:00,2013-07-03,02:54:00,03:45:00,04:50:00,01:10:00,01:30:00,05:27:00,06:40:00,06:50:00,09:23:00,09:28:00,10:56:00,11:10:00
186,2013-03-22 22:49:00,2013-07-04,02:55:00,03:45:00,04:51:00,01:10:00,01:30:00,05:26:00,06:40:00,06:50:00,09:22:00,09:27:00,10:55:00,11:10:00
187,2013-03-22 22:49:00,2013-07-05,02:56:00,03:45:00,04:52:00,01:11:00,01:30:00,05:26:00,06:40:00,06:50:00,09:22:00,09:27:00,10:54:00,11:10:00
188,2013-03-22 22:49:00,2013-07-06,02:57:00,03:45:00,04:53:00,01:11:00,01:30:00,05:26:00,06:40:00,06:50:00,09:21:00,09:26:00,10:52:00,11:10:00
189,2013-03-22 22:49:00,2013-07-07,02:58:00,03:45:00,04:53:00,01:11:00,01:30:00,05:26:00,06:39:00,06:50:00,09:20:00,09:25:00,10:51:00,11:10:00
190,2013-03-22 22:49:00,2013-07-08,03:00:00,03:45:00,04:54:00,01:11:00,01:30:00,05:26:00,06:39:00,06:50:00,09:20:00,09:25:00,10:49:00,11:00:00
191,2013-03-22 22:49:00,2013-07-09,03:01:00,03:45:00,04:55:00,01:11:00,01:30:00,05:26:00,06:39:00,06:50:00,09:19:00,09:24:00,10:48:00,11:00:00
192,2013-03-22 22:49:00,2013-07-10,03:02:00,03:45:00,04:56:00,01:11:00,01:30:00,05:26:00,06:38:00,06:50:00,09:18:00,09:23:00,10:46:00,11:00:00
193,2013-03-22 22:49:00,2013-07-11,03:04:00,03:45:00,04:58:00,01:11:00,01:30:00,05:26:00,06:38:00,06:50:00,09:17:00,09:22:00,10:45:00,11:00:00
194,2013-03-22 22:49:00,2013-07-12,03:05:00,03:45:00,04:59:00,01:11:00,01:30:00,05:25:00,06:38:00,06:50:00,09:16:00,09:21:00,10:43:00,11:00:00
195,2013-03-22 22:49:00,2013-07-13,03:07:00,03:45:00,05:00:00,01:12:00,01:30:00,05:25:00,06:37:00,06:50:00,09:16:00,09:21:00,10:41:00,11:00:00
196,2013-03-22 22:49:00,2013-07-14,03:08:00,03:45:00,05:01:00,01:12:00,01:30:00,05:25:00,06:37:00,06:50:00,09:15:00,09:20:00,10:39:00,10:50:00
197,2013-03-22 22:49:00,2013-07-15,03:10:00,03:45:00,05:02:00,01:12:00,01:30:00,05:25:00,06:36:00,06:50:00,09:14:00,09:19:00,10:38:00,10:50:00
198,2013-03-22 22:49:00,2013-07-16,03:11:00,03:45:00,05:03:00,01:12:00,01:30:00,05:24:00,06:36:00,06:50:00,09:12:00,09:17:00,10:36:00,10:50:00
199,2013-03-22 22:49:00,2013-07-17,03:13:00,03:45:00,05:05:00,01:12:00,01:30:00,05:24:00,06:35:00,06:50:00,09:11:00,09:16:00,10:34:00,10:50:00
200,2013-03-22 22:49:00,2013-07-18,03:14:00,03:45:00,05:06:00,01:12:00,01:30:00,05:23:00,06:34:00,06:50:00,09:10:00,09:15:00,10:32:00,10:50:00
201,2013-03-22 22:49:00,2013-07-19,03:16:00,03:45:00,05:07:00,01:12:00,01:30:00,05:23:00,06:34:00,06:50:00,09:09:00,09:14:00,10:30:00,10:50:00
202,2013-03-22 22:49:00,2013-07-20,03:17:00,03:45:00,05:08:00,01:12:00,01:30:00,05:23:00,06:33:00,06:50:00,09:08:00,09:13:00,10:28:00,10:40:00
203,2013-03-22 22:49:00,2013-07-21,03:19:00,03:39:00,05:10:00,01:12:00,01:30:00,05:22:00,06:32:00,06:50:00,09:07:00,09:17:00,10:26:00,10:40:00
204,2013-03-22 22:49:00,2013-07-22,03:21:00,03:41:00,05:11:00,01:12:00,01:30:00,05:22:00,06:32:00,06:50:00,09:05:00,09:15:00,10:24:00,10:40:00
205,2013-03-22 22:49:00,2013-07-23,03:23:00,03:43:00,05:13:00,01:12:00,01:30:00,05:21:00,06:31:00,06:50:00,09:04:00,09:14:00,10:21:00,10:40:00
206,2013-03-22 22:49:00,2013-07-24,03:24:00,03:44:00,05:14:00,01:12:00,01:30:00,05:21:00,06:30:00,06:50:00,09:03:00,09:13:00,10:19:00,10:40:00
207,2013-03-22 22:49:00,2013-07-25,03:26:00,03:46:00,05:15:00,01:12:00,01:30:00,05:20:00,06:29:00,06:50:00,09:01:00,09:11:00,10:17:00,10:40:00
208,2013-03-22 22:49:01,2013-07-26,03:28:00,03:48:00,05:17:00,01:12:00,01:30:00,05:20:00,06:28:00,06:50:00,09:00:00,09:10:00,10:15:00,10:40:00
209,2013-03-22 22:49:01,2013-07-27,03:29:00,03:49:00,05:18:00,01:12:00,01:30:00,05:19:00,06:28:00,06:50:00,08:58:00,09:08:00,10:13:00,10:40:00
210,2013-03-22 22:49:01,2013-07-28,03:31:00,03:51:00,05:20:00,01:12:00,01:30:00,05:18:00,06:27:00,06:50:00,08:57:00,09:07:00,10:10:00,10:40:00
211,2013-03-22 22:49:01,2013-07-29,03:33:00,03:53:00,05:21:00,01:12:00,01:30:00,05:18:00,06:26:00,06:50:00,08:55:00,09:05:00,10:08:00,10:40:00
212,2013-03-22 22:49:01,2013-07-30,03:35:00,03:55:00,05:23:00,01:12:00,01:30:00,05:17:00,06:25:00,06:50:00,08:54:00,09:04:00,10:05:00,10:20:00
213,2013-03-22 22:49:01,2013-07-31,03:37:00,03:57:00,05:24:00,01:12:00,01:30:00,05:16:00,06:24:00,06:45:00,08:52:00,09:02:00,10:03:00,10:20:00
214,2013-03-22 22:49:01,2013-08-01,03:38:00,03:58:00,05:26:00,01:12:00,01:30:00,05:16:00,06:23:00,06:45:00,08:50:00,09:00:00,10:01:00,10:20:00
215,2013-03-22 22:49:01,2013-08-02,03:40:00,04:00:00,05:27:00,01:12:00,01:30:00,05:15:00,06:22:00,06:45:00,08:49:00,08:59:00,09:58:00,10:20:00
216,2013-03-22 22:49:01,2013-08-03,03:42:00,04:02:00,05:29:00,01:12:00,01:30:00,05:14:00,06:21:00,06:45:00,08:47:00,08:57:00,09:56:00,10:20:00
217,2013-03-22 22:49:01,2013-08-04,03:44:00,04:04:00,05:30:00,01:12:00,01:30:00,05:13:00,06:19:00,06:45:00,08:45:00,08:55:00,09:53:00,10:20:00
218,2013-03-22 22:49:01,2013-08-05,03:46:00,04:06:00,05:32:00,01:12:00,01:30:00,05:13:00,06:18:00,06:45:00,08:43:00,08:53:00,09:51:00,10:20:00
219,2013-03-22 22:49:01,2013-08-06,03:48:00,04:08:00,05:33:00,01:11:00,01:30:00,05:12:00,06:17:00,06:45:00,08:42:00,08:52:00,09:48:00,10:20:00
220,2013-03-22 22:49:01,2013-08-07,03:49:00,04:09:00,05:35:00,01:11:00,01:30:00,05:11:00,06:16:00,06:45:00,08:40:00,08:50:00,09:46:00,10:20:00
221,2013-03-22 22:49:01,2013-08-08,03:51:00,04:11:00,05:36:00,01:11:00,01:30:00,05:10:00,06:15:00,06:45:00,08:38:00,08:48:00,09:45:00,10:20:00
222,2013-03-22 22:49:01,2013-08-09,03:53:00,04:13:00,05:38:00,01:11:00,01:30:00,05:09:00,06:13:00,06:45:00,08:36:00,08:46:00,09:43:00,10:00:00
223,2013-03-22 22:49:01,2013-08-10,03:55:00,04:15:00,05:40:00,01:11:00,01:30:00,05:08:00,06:12:00,06:45:00,08:34:00,08:44:00,09:42:00,10:00:00
224,2013-03-22 22:49:01,2013-08-11,03:57:00,04:17:00,05:41:00,01:11:00,01:30:00,05:07:00,06:11:00,06:45:00,08:32:00,08:42:00,09:40:00,10:00:00
225,2013-03-22 22:49:01,2013-08-12,03:59:00,04:19:00,05:43:00,01:10:00,01:30:00,05:06:00,06:10:00,06:45:00,08:30:00,08:40:00,09:39:00,10:00:00
226,2013-03-22 22:49:01,2013-08-13,04:01:00,04:21:00,05:44:00,01:10:00,01:30:00,05:05:00,06:08:00,06:45:00,08:28:00,08:38:00,09:37:00,10:00:00
227,2013-03-22 22:49:01,2013-08-14,04:02:00,04:22:00,05:46:00,01:10:00,01:30:00,05:04:00,06:07:00,06:45:00,08:26:00,08:36:00,09:35:00,10:00:00
228,2013-03-22 22:49:01,2013-08-15,04:04:00,04:24:00,05:47:00,01:10:00,01:30:00,05:03:00,06:05:00,06:45:00,08:24:00,08:34:00,09:34:00,10:00:00
229,2013-03-22 22:49:01,2013-08-16,04:06:00,04:26:00,05:49:00,01:10:00,01:30:00,05:02:00,06:04:00,06:45:00,08:22:00,08:32:00,09:32:00,10:00:00
230,2013-03-22 22:49:01,2013-08-17,04:08:00,04:28:00,05:51:00,01:09:00,01:30:00,05:01:00,06:03:00,06:45:00,08:20:00,08:30:00,09:30:00,10:00:00
231,2013-03-22 22:49:01,2013-08-18,04:10:00,04:30:00,05:52:00,01:09:00,01:30:00,05:00:00,06:01:00,06:45:00,08:18:00,08:23:00,09:29:00,09:45:00
232,2013-03-22 22:49:01,2013-08-19,04:12:00,04:45:00,05:54:00,01:09:00,01:30:00,04:59:00,06:00:00,06:30:00,08:16:00,08:21:00,09:27:00,09:45:00
233,2013-03-22 22:49:01,2013-08-20,04:14:00,04:45:00,05:55:00,01:09:00,01:30:00,04:58:00,05:58:00,06:30:00,08:14:00,08:19:00,09:25:00,09:45:00
234,2013-03-22 22:49:01,2013-08-21,04:15:00,04:45:00,05:57:00,01:08:00,01:30:00,04:56:00,05:57:00,06:30:00,08:12:00,08:17:00,09:23:00,09:45:00
235,2013-03-22 22:49:01,2013-08-22,04:17:00,04:45:00,05:59:00,01:08:00,01:30:00,04:55:00,05:55:00,06:30:00,08:10:00,08:15:00,09:22:00,09:45:00
236,2013-03-22 22:49:02,2013-08-23,04:19:00,04:45:00,06:00:00,01:08:00,01:30:00,04:54:00,05:54:00,06:30:00,08:08:00,08:13:00,09:20:00,09:45:00
237,2013-03-22 22:49:02,2013-08-24,04:21:00,04:45:00,06:02:00,01:08:00,01:30:00,04:53:00,05:52:00,06:30:00,08:06:00,08:11:00,09:18:00,09:45:00
238,2013-03-22 22:49:02,2013-08-25,04:23:00,04:45:00,06:03:00,01:07:00,01:30:00,04:52:00,05:50:00,06:30:00,08:04:00,08:09:00,09:16:00,09:45:00
239,2013-03-22 22:49:02,2013-08-26,04:25:00,05:00:00,06:05:00,01:07:00,01:30:00,04:50:00,05:49:00,06:15:00,08:01:00,08:06:00,09:14:00,09:30:00
240,2013-03-22 22:49:02,2013-08-27,04:27:00,05:00:00,06:07:00,01:07:00,01:30:00,04:49:00,05:47:00,06:15:00,07:59:00,08:04:00,09:13:00,09:30:00
241,2013-03-22 22:49:02,2013-08-28,04:28:00,05:00:00,06:08:00,01:07:00,01:30:00,04:48:00,05:45:00,06:15:00,07:57:00,08:02:00,09:11:00,09:30:00
242,2013-03-22 22:49:02,2013-08-29,04:30:00,05:00:00,06:10:00,01:06:00,01:30:00,04:46:00,05:44:00,06:15:00,07:55:00,08:00:00,09:09:00,09:30:00
243,2013-03-22 22:49:02,2013-08-30,04:32:00,05:00:00,06:11:00,01:06:00,01:30:00,04:45:00,05:42:00,06:15:00,07:53:00,07:58:00,09:07:00,09:30:00
244,2013-03-22 22:49:02,2013-08-31,04:34:00,05:00:00,06:13:00,01:06:00,01:30:00,04:44:00,05:40:00,06:15:00,07:50:00,07:55:00,09:05:00,09:30:00
245,2013-03-22 22:49:02,2013-09-01,04:36:00,05:15:00,06:15:00,01:05:00,01:30:00,04:42:00,05:39:00,06:00:00,07:48:00,07:53:00,09:03:00,09:30:00
246,2013-03-22 22:49:02,2013-09-02,04:38:00,05:15:00,06:16:00,01:05:00,01:30:00,04:41:00,05:37:00,06:00:00,07:46:00,07:51:00,09:01:00,09:30:00
247,2013-03-22 22:49:02,2013-09-03,04:40:00,05:15:00,06:18:00,01:05:00,01:30:00,04:39:00,05:35:00,06:00:00,07:44:00,07:49:00,08:59:00,09:30:00
248,2013-03-22 22:49:02,2013-09-04,04:41:00,05:15:00,06:19:00,01:04:00,01:30:00,04:38:00,05:33:00,06:00:00,07:41:00,07:46:00,08:57:00,09:30:00
249,2013-03-22 22:49:02,2013-09-05,04:43:00,05:15:00,06:21:00,01:04:00,01:30:00,04:36:00,05:32:00,06:00:00,07:39:00,07:44:00,08:55:00,09:30:00
250,2013-03-22 22:49:02,2013-09-06,04:45:00,05:15:00,06:22:00,01:04:00,01:30:00,04:35:00,05:30:00,06:00:00,07:37:00,07:42:00,08:53:00,09:30:00
251,2013-03-22 22:49:02,2013-09-07,04:47:00,05:15:00,06:24:00,01:03:00,01:30:00,04:33:00,05:28:00,06:00:00,07:35:00,07:40:00,08:52:00,09:30:00
252,2013-03-22 22:49:02,2013-09-08,04:49:00,05:30:00,06:26:00,01:03:00,01:30:00,04:32:00,05:26:00,05:45:00,07:32:00,07:37:00,08:50:00,09:15:00
253,2013-03-22 22:49:02,2013-09-09,04:51:00,05:30:00,06:27:00,01:03:00,01:30:00,04:30:00,05:24:00,05:45:00,07:30:00,07:35:00,08:48:00,09:15:00
254,2013-03-22 22:49:02,2013-09-10,04:53:00,05:30:00,06:29:00,01:02:00,01:30:00,04:29:00,05:22:00,05:45:00,07:28:00,07:33:00,08:46:00,09:15:00
255,2013-03-22 22:49:02,2013-09-11,04:55:00,05:30:00,06:30:00,01:02:00,01:30:00,04:27:00,05:20:00,05:45:00,07:25:00,07:30:00,08:44:00,09:15:00
256,2013-03-22 22:49:02,2013-09-12,04:56:00,05:30:00,06:32:00,01:01:00,01:30:00,04:26:00,05:19:00,05:45:00,07:23:00,07:28:00,08:42:00,09:15:00
257,2013-03-22 22:49:02,2013-09-13,04:58:00,05:30:00,06:34:00,01:01:00,01:30:00,04:24:00,05:17:00,05:45:00,07:21:00,07:26:00,08:40:00,09:15:00
258,2013-03-22 22:49:02,2013-09-14,05:00:00,05:30:00,06:35:00,01:01:00,01:30:00,04:23:00,05:15:00,05:45:00,07:18:00,07:23:00,08:38:00,09:15:00
259,2013-03-22 22:49:03,2013-09-15,05:02:00,05:45:00,06:37:00,01:00:00,01:30:00,04:21:00,05:13:00,05:30:00,07:16:00,07:21:00,08:36:00,09:00:00
260,2013-03-22 22:49:03,2013-09-16,05:04:00,05:45:00,06:38:00,01:00:00,01:30:00,04:19:00,05:11:00,05:30:00,07:14:00,07:19:00,08:34:00,09:00:00
261,2013-03-22 22:49:03,2013-09-17,05:06:00,05:45:00,06:40:00,01:00:00,01:30:00,04:18:00,05:09:00,05:30:00,07:12:00,07:17:00,08:32:00,09:00:00
262,2013-03-22 22:49:03,2013-09-18,05:08:00,05:45:00,06:42:00,12:59:00,01:30:00,04:16:00,05:07:00,05:30:00,07:09:00,07:14:00,08:30:00,09:00:00
263,2013-03-22 22:49:03,2013-09-19,05:10:00,05:45:00,06:43:00,12:59:00,01:30:00,04:15:00,05:05:00,05:30:00,07:07:00,07:12:00,08:28:00,09:00:00
264,2013-03-22 22:49:03,2013-09-20,05:11:00,05:45:00,06:45:00,12:59:00,01:30:00,04:13:00,05:03:00,05:30:00,07:05:00,07:10:00,08:26:00,09:00:00
265,2013-03-22 22:49:03,2013-09-21,05:13:00,05:45:00,06:46:00,12:58:00,01:30:00,04:11:00,05:01:00,05:30:00,07:02:00,07:07:00,08:24:00,09:00:00
266,2013-03-22 22:49:03,2013-09-22,05:15:00,05:45:00,06:48:00,12:58:00,01:30:00,04:10:00,04:59:00,05:30:00,07:00:00,07:05:00,08:22:00,09:00:00
267,2013-03-22 22:49:03,2013-09-23,05:16:00,06:00:00,06:50:00,12:58:00,01:30:00,04:08:00,04:57:00,05:15:00,06:58:00,07:03:00,08:20:00,08:45:00
268,2013-03-22 22:49:03,2013-09-24,05:18:00,06:00:00,06:51:00,12:57:00,01:30:00,04:06:00,04:55:00,05:15:00,06:55:00,07:00:00,08:18:00,08:45:00
269,2013-03-22 22:49:03,2013-09-25,05:19:00,06:00:00,06:53:00,12:57:00,01:30:00,04:05:00,04:53:00,05:15:00,06:53:00,06:58:00,08:16:00,08:45:00
270,2013-03-22 22:49:03,2013-09-26,05:21:00,06:00:00,06:55:00,12:57:00,01:30:00,04:03:00,04:51:00,05:15:00,06:51:00,06:56:00,08:13:00,08:45:00
271,2013-03-22 22:49:03,2013-09-27,05:22:00,06:00:00,06:56:00,12:56:00,01:30:00,04:01:00,04:49:00,05:15:00,06:49:00,06:54:00,08:11:00,08:45:00
272,2013-03-22 22:49:03,2013-09-28,05:24:00,06:00:00,06:58:00,12:56:00,01:30:00,04:00:00,04:47:00,05:15:00,06:46:00,06:51:00,08:09:00,08:45:00
273,2013-03-22 22:49:03,2013-09-29,05:25:00,06:00:00,06:59:00,12:56:00,01:30:00,03:58:00,04:45:00,05:15:00,06:44:00,06:49:00,08:07:00,08:45:00
274,2013-03-22 22:49:03,2013-09-30,05:27:00,06:00:00,07:01:00,12:55:00,01:30:00,03:56:00,04:43:00,05:15:00,06:42:00,06:47:00,08:05:00,08:45:00
275,2013-03-22 22:49:03,2013-10-01,05:28:00,06:00:00,07:03:00,12:55:00,01:30:00,03:55:00,04:41:00,05:00:00,06:39:00,06:44:00,08:03:00,08:30:00
276,2013-03-22 22:49:03,2013-10-02,05:30:00,06:00:00,07:04:00,12:55:00,01:30:00,03:53:00,04:39:00,05:00:00,06:37:00,06:42:00,08:01:00,08:30:00
277,2013-03-22 22:49:03,2013-10-03,05:32:00,06:00:00,07:06:00,12:54:00,01:30:00,03:51:00,04:37:00,05:00:00,06:35:00,06:40:00,07:59:00,08:30:00
278,2013-03-22 22:49:03,2013-10-04,05:33:00,06:00:00,07:08:00,12:54:00,01:30:00,03:49:00,04:35:00,05:00:00,06:33:00,06:38:00,07:57:00,08:30:00
279,2013-03-22 22:49:03,2013-10-05,05:35:00,06:00:00,07:09:00,12:54:00,01:30:00,03:48:00,04:33:00,05:00:00,06:30:00,06:35:00,07:55:00,08:30:00
280,2013-03-22 22:49:03,2013-10-06,05:36:00,06:00:00,07:11:00,12:53:00,01:30:00,03:46:00,04:31:00,05:00:00,06:28:00,06:33:00,07:53:00,08:30:00
281,2013-03-22 22:49:04,2013-10-07,05:38:00,06:00:00,07:13:00,12:53:00,01:30:00,03:44:00,04:29:00,05:00:00,06:26:00,06:31:00,07:51:00,08:30:00
282,2013-03-22 22:49:04,2013-10-08,05:39:00,06:15:00,07:14:00,12:53:00,01:30:00,03:43:00,04:27:00,04:45:00,06:24:00,06:29:00,07:49:00,08:15:00
283,2013-03-22 22:49:04,2013-10-09,05:41:00,06:15:00,07:16:00,12:53:00,01:30:00,03:41:00,04:25:00,04:45:00,06:22:00,06:27:00,07:47:00,08:15:00
284,2013-03-22 22:49:04,2013-10-10,05:43:00,06:15:00,07:18:00,12:52:00,01:30:00,03:39:00,04:23:00,04:45:00,06:19:00,06:24:00,07:45:00,08:15:00
285,2013-03-22 22:49:04,2013-10-11,05:44:00,06:15:00,07:19:00,12:52:00,01:30:00,03:38:00,04:21:00,04:45:00,06:17:00,06:22:00,07:43:00,08:15:00
286,2013-03-22 22:49:04,2013-10-12,05:46:00,06:15:00,07:21:00,12:52:00,01:30:00,03:36:00,04:20:00,04:45:00,06:15:00,06:20:00,07:41:00,08:15:00
287,2013-03-22 22:49:04,2013-10-13,05:47:00,06:15:00,07:23:00,12:52:00,01:30:00,03:34:00,04:18:00,04:45:00,06:13:00,06:18:00,07:39:00,08:15:00
288,2013-03-22 22:49:04,2013-10-14,05:49:00,06:15:00,07:24:00,12:51:00,01:30:00,03:33:00,04:16:00,04:45:00,06:11:00,06:16:00,07:37:00,08:15:00
289,2013-03-22 22:49:04,2013-10-15,05:51:00,06:30:00,07:26:00,12:51:00,01:30:00,03:31:00,04:14:00,04:30:00,06:09:00,06:14:00,07:35:00,08:00:00
290,2013-03-22 22:49:04,2013-10-16,05:52:00,06:30:00,07:28:00,12:51:00,01:30:00,03:29:00,04:12:00,04:30:00,06:06:00,06:11:00,07:33:00,08:00:00
291,2013-03-22 22:49:04,2013-10-17,05:54:00,06:30:00,07:29:00,12:51:00,01:30:00,03:28:00,04:10:00,04:30:00,06:04:00,06:09:00,07:31:00,08:00:00
292,2013-03-22 22:49:04,2013-10-18,05:55:00,06:30:00,07:31:00,12:51:00,01:30:00,03:26:00,04:08:00,04:30:00,06:02:00,06:07:00,07:29:00,08:00:00
293,2013-03-22 22:49:04,2013-10-19,05:57:00,06:30:00,07:33:00,12:50:00,01:30:00,03:24:00,04:06:00,04:30:00,06:00:00,06:05:00,07:27:00,08:00:00
294,2013-03-22 22:49:04,2013-10-20,05:59:00,06:30:00,07:35:00,12:50:00,01:30:00,03:23:00,04:04:00,04:30:00,05:58:00,06:03:00,07:25:00,08:00:00
295,2013-03-22 22:49:04,2013-10-21,06:00:00,06:30:00,07:36:00,12:50:00,01:30:00,03:21:00,04:02:00,04:30:00,05:56:00,06:01:00,07:23:00,08:00:00
296,2013-03-22 22:49:04,2013-10-22,06:02:00,06:45:00,07:38:00,12:50:00,01:30:00,03:20:00,04:00:00,04:15:00,05:54:00,05:59:00,07:22:00,07:45:00
297,2013-03-22 22:49:04,2013-10-23,06:04:00,06:45:00,07:40:00,12:50:00,01:30:00,03:18:00,03:59:00,04:15:00,05:52:00,05:57:00,07:20:00,07:45:00
298,2013-03-22 22:49:04,2013-10-24,06:05:00,06:45:00,07:42:00,12:50:00,01:30:00,03:17:00,03:57:00,04:15:00,05:50:00,05:55:00,07:18:00,07:45:00
299,2013-03-22 22:49:04,2013-10-25,06:07:00,06:45:00,07:43:00,12:50:00,01:30:00,03:15:00,03:55:00,04:15:00,05:48:00,05:53:00,07:16:00,07:45:00
300,2013-03-22 22:49:04,2013-10-26,06:09:00,06:45:00,07:45:00,12:50:00,01:30:00,03:13:00,03:53:00,04:15:00,05:46:00,05:51:00,07:15:00,07:45:00
301,2013-03-22 22:49:04,2013-10-27,06:10:00,06:45:00,07:47:00,12:49:00,01:30:00,03:12:00,03:51:00,04:15:00,05:44:00,05:49:00,07:13:00,07:45:00
302,2013-03-22 22:49:04,2013-10-28,05:12:00,06:00:00,06:49:00,11:49:00,01:00:00,02:10:00,02:50:00,03:15:00,04:42:00,04:47:00,06:11:00,07:15:00
303,2013-03-22 22:49:04,2013-10-29,05:14:00,06:00:00,06:50:00,11:49:00,01:00:00,02:09:00,02:48:00,03:15:00,04:41:00,04:46:00,06:09:00,07:15:00
304,2013-03-22 22:49:04,2013-10-30,05:15:00,06:00:00,06:52:00,11:49:00,01:00:00,02:08:00,02:46:00,03:15:00,04:39:00,04:44:00,06:08:00,07:15:00
305,2013-03-22 22:49:04,2013-10-31,05:17:00,06:00:00,06:54:00,11:49:00,01:00:00,02:06:00,02:44:00,03:15:00,04:37:00,04:42:00,06:06:00,07:15:00
306,2013-03-22 22:49:04,2013-11-01,05:19:00,06:00:00,06:56:00,11:49:00,01:00:00,02:05:00,02:43:00,03:15:00,04:35:00,04:40:00,06:05:00,07:15:00
307,2013-03-22 22:49:04,2013-11-02,05:20:00,06:00:00,06:57:00,11:49:00,01:00:00,02:03:00,02:41:00,03:15:00,04:33:00,04:38:00,06:03:00,07:15:00
308,2013-03-22 22:49:05,2013-11-03,05:22:00,06:00:00,06:59:00,11:49:00,01:00:00,02:02:00,02:39:00,03:15:00,04:32:00,04:37:00,06:01:00,07:15:00
309,2013-03-22 22:49:05,2013-11-04,05:24:00,06:00:00,07:01:00,11:49:00,01:00:00,02:01:00,02:38:00,03:15:00,04:30:00,04:35:00,06:00:00,07:15:00
310,2013-03-22 22:49:05,2013-11-05,05:25:00,06:00:00,07:03:00,11:49:00,01:00:00,01:59:00,02:36:00,03:15:00,04:28:00,04:33:00,05:58:00,07:15:00
311,2013-03-22 22:49:05,2013-11-06,05:27:00,06:00:00,07:04:00,11:49:00,01:00:00,01:58:00,02:35:00,03:15:00,04:27:00,04:32:00,05:57:00,07:15:00
312,2013-03-22 22:49:05,2013-11-07,05:29:00,06:00:00,07:06:00,11:49:00,01:00:00,01:57:00,02:33:00,03:15:00,04:25:00,04:30:00,05:55:00,07:15:00
313,2013-03-22 22:49:05,2013-11-08,05:30:00,06:15:00,07:08:00,11:50:00,01:00:00,01:56:00,02:32:00,03:00:00,04:23:00,04:28:00,05:54:00,07:15:00
314,2013-03-22 22:49:05,2013-11-09,05:32:00,06:15:00,07:10:00,11:50:00,01:00:00,01:54:00,02:30:00,03:00:00,04:22:00,04:27:00,05:53:00,07:15:00
315,2013-03-22 22:49:05,2013-11-10,05:34:00,06:15:00,07:11:00,11:50:00,01:00:00,01:53:00,02:29:00,03:00:00,04:20:00,04:25:00,05:51:00,07:15:00
316,2013-03-22 22:49:05,2013-11-11,05:35:00,06:15:00,07:13:00,11:50:00,01:00:00,01:52:00,02:27:00,03:00:00,04:19:00,04:24:00,05:50:00,07:15:00
317,2013-03-22 22:49:05,2013-11-12,05:37:00,06:15:00,07:15:00,11:50:00,01:00:00,01:51:00,02:26:00,03:00:00,04:17:00,04:22:00,05:49:00,07:15:00
318,2013-03-22 22:49:05,2013-11-13,05:38:00,06:15:00,07:17:00,11:50:00,01:00:00,01:50:00,02:25:00,03:00:00,04:16:00,04:21:00,05:48:00,07:15:00
319,2013-03-22 22:49:05,2013-11-14,05:40:00,06:15:00,07:18:00,11:50:00,01:00:00,01:49:00,02:23:00,03:00:00,04:14:00,04:19:00,05:46:00,07:15:00
320,2013-03-22 22:49:05,2013-11-15,05:42:00,06:15:00,07:20:00,11:50:00,01:00:00,01:48:00,02:22:00,02:45:00,04:13:00,04:18:00,05:45:00,07:15:00
321,2013-03-22 22:49:05,2013-11-16,05:43:00,06:15:00,07:22:00,11:51:00,01:00:00,01:47:00,02:21:00,02:45:00,04:12:00,04:17:00,05:44:00,07:15:00
322,2013-03-22 22:49:05,2013-11-17,05:45:00,06:15:00,07:24:00,11:51:00,01:00:00,01:46:00,02:20:00,02:45:00,04:11:00,04:16:00,05:43:00,07:15:00
323,2013-03-22 22:49:05,2013-11-18,05:46:00,06:15:00,07:25:00,11:51:00,01:00:00,01:45:00,02:19:00,02:45:00,04:09:00,04:14:00,05:42:00,07:15:00
324,2013-03-22 22:49:05,2013-11-19,05:48:00,06:15:00,07:27:00,11:51:00,01:00:00,01:44:00,02:18:00,02:45:00,04:08:00,04:13:00,05:41:00,07:15:00
325,2013-03-22 22:49:05,2013-11-20,05:50:00,06:15:00,07:28:00,11:52:00,01:00:00,01:43:00,02:16:00,02:45:00,04:07:00,04:12:00,05:40:00,07:15:00
326,2013-03-22 22:49:05,2013-11-21,05:51:00,06:15:00,07:30:00,11:52:00,01:00:00,01:42:00,02:15:00,02:45:00,04:06:00,04:11:00,05:39:00,07:15:00
327,2013-03-22 22:49:05,2013-11-22,05:53:00,06:15:00,07:32:00,11:52:00,01:00:00,01:42:00,02:14:00,02:45:00,04:05:00,04:10:00,05:38:00,07:15:00
328,2013-03-22 22:49:05,2013-11-23,05:54:00,06:30:00,07:33:00,11:52:00,01:00:00,01:41:00,02:14:00,02:45:00,04:04:00,04:09:00,05:38:00,07:15:00
329,2013-03-22 22:49:05,2013-11-24,05:56:00,06:30:00,07:35:00,11:53:00,01:00:00,01:40:00,02:13:00,02:45:00,04:03:00,04:08:00,05:37:00,07:15:00
330,2013-03-22 22:49:05,2013-11-25,05:57:00,06:30:00,07:36:00,11:53:00,01:00:00,01:40:00,02:12:00,02:45:00,04:02:00,04:07:00,05:36:00,07:15:00
331,2013-03-22 22:49:05,2013-11-26,05:58:00,06:30:00,07:38:00,11:53:00,01:00:00,01:39:00,02:11:00,02:45:00,04:01:00,04:06:00,05:35:00,07:15:00
332,2013-03-22 22:49:05,2013-11-27,06:00:00,06:30:00,07:39:00,11:54:00,01:00:00,01:38:00,02:10:00,02:45:00,04:00:00,04:05:00,05:35:00,07:15:00
333,2013-03-22 22:49:05,2013-11-28,06:01:00,06:30:00,07:41:00,11:54:00,01:00:00,01:38:00,02:10:00,02:45:00,04:00:00,04:05:00,05:34:00,07:15:00
334,2013-03-22 22:49:05,2013-11-29,06:03:00,06:30:00,07:42:00,11:54:00,01:00:00,01:37:00,02:09:00,02:45:00,03:59:00,04:04:00,05:34:00,07:15:00
335,2013-03-22 22:49:05,2013-11-30,06:04:00,06:30:00,07:44:00,11:55:00,01:00:00,01:37:00,02:08:00,02:45:00,03:58:00,04:03:00,05:33:00,07:15:00
336,2013-03-22 22:49:05,2013-12-01,06:05:00,06:45:00,07:45:00,11:55:00,01:00:00,01:37:00,02:08:00,02:45:00,03:58:00,04:03:00,05:33:00,07:15:00
337,2013-03-22 22:49:06,2013-12-02,06:06:00,06:45:00,07:47:00,11:56:00,01:00:00,01:36:00,02:07:00,02:45:00,03:57:00,04:02:00,05:32:00,07:15:00
338,2013-03-22 22:49:06,2013-12-03,06:08:00,06:45:00,07:48:00,11:56:00,01:00:00,01:36:00,02:07:00,02:45:00,03:57:00,04:02:00,05:32:00,07:15:00
339,2013-03-22 22:49:06,2013-12-04,06:09:00,06:45:00,07:49:00,11:56:00,01:00:00,01:36:00,02:06:00,02:45:00,03:56:00,04:01:00,05:32:00,07:15:00
340,2013-03-22 22:49:06,2013-12-05,06:10:00,06:45:00,07:50:00,11:57:00,01:00:00,01:36:00,02:06:00,02:45:00,03:56:00,04:01:00,05:32:00,07:15:00
341,2013-03-22 22:49:06,2013-12-06,06:11:00,06:45:00,07:52:00,11:57:00,01:00:00,01:35:00,02:06:00,02:45:00,03:55:00,04:00:00,05:32:00,07:15:00
342,2013-03-22 22:49:06,2013-12-07,06:12:00,06:45:00,07:53:00,11:58:00,01:00:00,01:35:00,02:06:00,02:45:00,03:55:00,04:00:00,05:31:00,07:15:00
343,2013-03-22 22:49:06,2013-12-08,06:13:00,06:45:00,07:54:00,11:58:00,01:00:00,01:35:00,02:05:00,02:45:00,03:55:00,04:00:00,05:31:00,07:15:00
344,2013-03-22 22:49:06,2013-12-09,06:14:00,06:45:00,07:55:00,11:59:00,01:00:00,01:35:00,02:05:00,02:45:00,03:55:00,04:00:00,05:31:00,07:15:00
345,2013-03-22 22:49:06,2013-12-10,06:15:00,06:45:00,07:56:00,11:59:00,01:00:00,01:35:00,02:05:00,02:45:00,03:55:00,04:00:00,05:32:00,07:15:00
346,2013-03-22 22:49:06,2013-12-11,06:16:00,06:45:00,07:57:00,11:59:00,01:00:00,01:35:00,02:05:00,02:45:00,03:55:00,04:00:00,05:32:00,07:15:00
347,2013-03-22 22:49:06,2013-12-12,06:17:00,06:45:00,07:58:00,12:00:00,01:00:00,01:35:00,02:05:00,02:45:00,03:55:00,04:00:00,05:32:00,07:15:00
348,2013-03-22 22:49:06,2013-12-13,06:18:00,06:45:00,07:59:00,12:00:00,01:00:00,01:35:00,02:05:00,02:45:00,03:55:00,04:00:00,05:32:00,07:15:00
349,2013-03-22 22:49:06,2013-12-14,06:19:00,06:45:00,08:00:00,12:01:00,01:00:00,01:36:00,02:05:00,02:45:00,03:55:00,04:00:00,05:32:00,07:15:00
350,2013-03-22 22:49:06,2013-12-15,06:19:00,07:00:00,08:00:00,12:01:00,01:00:00,01:36:00,02:06:00,02:45:00,03:55:00,04:00:00,05:33:00,07:15:00
351,2013-03-22 22:49:06,2013-12-16,06:20:00,07:00:00,08:01:00,12:02:00,01:00:00,01:36:00,02:06:00,02:45:00,03:55:00,04:00:00,05:33:00,07:15:00
352,2013-03-22 22:49:06,2013-12-17,06:21:00,07:00:00,08:02:00,12:02:00,01:00:00,01:37:00,02:06:00,02:45:00,03:55:00,04:00:00,05:34:00,07:15:00
353,2013-03-22 22:49:06,2013-12-18,06:21:00,07:00:00,08:03:00,12:03:00,01:00:00,01:37:00,02:07:00,02:45:00,03:56:00,04:01:00,05:34:00,07:15:00
354,2013-03-22 22:49:06,2013-12-19,06:22:00,07:00:00,08:03:00,12:03:00,01:00:00,01:37:00,02:07:00,02:45:00,03:56:00,04:01:00,05:35:00,07:15:00
355,2013-03-22 22:49:06,2013-12-20,06:22:00,07:00:00,08:04:00,12:04:00,01:00:00,01:38:00,02:07:00,02:45:00,03:57:00,04:02:00,05:35:00,07:15:00
356,2013-03-22 22:49:06,2013-12-21,06:23:00,07:00:00,08:04:00,12:04:00,01:00:00,01:38:00,02:08:00,02:45:00,03:57:00,04:02:00,05:36:00,07:15:00
357,2013-03-22 22:49:06,2013-12-22,06:23:00,07:00:00,08:05:00,12:05:00,01:00:00,01:39:00,02:09:00,02:45:00,03:58:00,04:03:00,05:36:00,07:15:00
358,2013-03-22 22:49:06,2013-12-23,06:24:00,07:00:00,08:05:00,12:05:00,01:00:00,01:40:00,02:09:00,02:45:00,03:58:00,04:03:00,05:37:00,07:15:00
359,2013-03-22 22:49:06,2013-12-24,06:24:00,07:00:00,08:05:00,12:06:00,01:00:00,01:40:00,02:10:00,02:45:00,03:59:00,04:04:00,05:37:00,07:15:00
360,2013-03-22 22:49:06,2013-12-25,06:24:00,07:00:00,08:06:00,12:06:00,01:00:00,01:41:00,02:11:00,02:45:00,04:00:00,04:05:00,05:38:00,07:15:00
361,2013-03-22 22:49:06,2013-12-26,06:25:00,07:00:00,08:06:00,12:07:00,01:00:00,01:42:00,02:11:00,02:45:00,04:01:00,04:06:00,05:38:00,07:15:00
362,2013-03-22 22:49:06,2013-12-27,06:25:00,07:00:00,08:06:00,12:07:00,01:00:00,01:42:00,02:12:00,02:45:00,04:01:00,04:06:00,05:39:00,07:15:00
363,2013-03-22 22:49:06,2013-12-28,06:25:00,07:00:00,08:06:00,12:08:00,01:00:00,01:43:00,02:13:00,02:45:00,04:02:00,04:07:00,05:40:00,07:15:00
364,2013-03-22 22:49:06,2013-12-29,06:25:00,07:00:00,08:06:00,12:08:00,01:00:00,01:44:00,02:14:00,02:45:00,04:03:00,04:08:00,05:40:00,07:15:00
365,2013-03-22 22:49:06,2013-12-30,06:25:00,07:00:00,08:06:00,12:09:00,01:00:00,01:45:00,02:15:00,02:45:00,04:04:00,04:09:00,05:41:00,07:15:00
366,2013-03-22 22:49:07,2013-12-31,06:25:00,07:00:00,08:06:00,12:09:00,01:00:00,01:45:00,02:15:00,02:45:00,04:05:00,04:10:00,05:41:00,07:15:00
